Workbook

Sheet Students
A3: REG. NO. | B3: CHARTER MEMBERSHIP ID NO. | C3: NAMES | D3: GENDER | E3: DATE OF BIRTH | F3: PHONE NO. | G3: EMAIL | H3: RESIDENTIAL ADDRESS | I3: STATE OF RESIDENCE | J3: STATE OF ORIGIN | K3: HOME TOWN / LGA | L3: COUNTRY OF RESIDENCE | M3: NATIONALITY | N3: DEPARTMENT, MINISTRY OR UNIT | O3: PASSPORT PHOTOGRAPH UPLOADED | P3: COVENANT DEED SIGNED | Q3: NEXT OF KIN NAME | R3: NEXT OF KIN PHONE NO. | S3: RELATIONSHIP WITH NEXT OF KIN | T3: CURRENT CLASS | U3: _MEM_RANK | V3: _MIT_RANK | W3: _PRO_RANK
B4: 2026056 10001 | C4: SAMPLE STUDENT ONE | D4: FEMALE | E4: 2008-03-14 | F4: 8000000001 | G4: sample1@example.com | H4: 1 Example Street, Lagos | I4: LAGOS | J4: OYO | K4: IBADAN | L4: NIGERIA | M4: NIGERIAN | O4: YES | P4: SIGNED | T4: Membership | U4: =IF($T4="Membership",COUNTIF($T$4:$T4,"Membership"),"") -> 1 | V4: =IF($T4="MIT",COUNTIF($T$4:$T4,"MIT"),"") | W4: =IF($T4="Proclaimers",COUNTIF($T$4:$T4,"Proclaimers"),"")
B5: 2026056 10002 | C5: SAMPLE STUDENT TWO | D5: MALE | E5: 2007-11-02 | F5: 8000000002 | G5: sample2@example.com | H5: 2 Example Street, Lagos | I5: LAGOS | J5: OGUN | K5: ABEOKUTA | L5: NIGERIA | M5: NIGERIAN | O5: YES | P5: SIGNED | T5: Membership | U5: =IF($T5="Membership",COUNTIF($T$4:$T5,"Membership"),"") -> 2 | V5: =IF($T5="MIT",COUNTIF($T$4:$T5,"MIT"),"") | W5: =IF($T5="Proclaimers",COUNTIF($T$4:$T5,"Proclaimers"),"")
B6: 2026056 10003 | C6: SAMPLE STUDENT THREE | D6: FEMALE | E6: 38889 | F6: 8000000003 | G6: sample3@example.com | H6: 3 Example Street, Lagos | I6: LAGOS | J6: LAGOS | K6: EPE | L6: NIGERIA | M6: NIGERIAN | O6: YES | P6: SIGNED | T6: MIT | U6: =IF($T6="Membership",COUNTIF($T$4:$T6,"Membership"),"") | V6: =IF($T6="MIT",COUNTIF($T$4:$T6,"MIT"),"") -> 1 | W6: =IF($T6="Proclaimers",COUNTIF($T$4:$T6,"Proclaimers"),"")
B7: 2026056 10004 | C7: SAMPLE STUDENT FOUR | D7: MALE | E7: 2005-09-09 | F7: 8000000004 | G7: sample4@example.com | H7: 4 Example Street, Lagos | I7: LAGOS | J7: DELTA | K7: WARRI | L7: NIGERIA | M7: NIGERIAN | N7: MEDIA | O7: YES | P7: SIGNED | T7: MIT | U7: =IF($T7="Membership",COUNTIF($T$4:$T7,"Membership"),"") | V7: =IF($T7="MIT",COUNTIF($T$4:$T7,"MIT"),"") -> 2 | W7: =IF($T7="Proclaimers",COUNTIF($T$4:$T7,"Proclaimers"),"")
B8: 2026056 10005 | C8: SAMPLE STUDENT FIVE | D8: FEMALE | E8: 2004-01-30 | F8: 8000000005 | G8: sample5@example.com | H8: 5 Example Street, Lagos | I8: LAGOS | J8: ANAMBRA | K8: AWKA | L8: NIGERIA | M8: NIGERIAN | N8: MULTI-MEDIA | O8: YES | P8: SIGNED | T8: Proclaimers | U8: =IF($T8="Membership",COUNTIF($T$4:$T8,"Membership"),"") | V8: =IF($T8="MIT",COUNTIF($T$4:$T8,"MIT"),"") | W8: =IF($T8="Proclaimers",COUNTIF($T$4:$T8,"Proclaimers"),"") -> 1
B9: 2026056 10006 | C9: SAMPLE STUDENT SIX | D9: MALE | E9: 2003-12-12 | F9: 8000000006 | G9: sample6@example.com | H9: 6 Example Street, Lagos | I9: LAGOS | J9: RIVERS | K9: PORT HARCOURT | L9: NIGERIA | M9: NIGERIAN | N9: MEDIA | O9: YES | P9: SIGNED | T9: Proclaimers | U9: =IF($T9="Membership",COUNTIF($T$4:$T9,"Membership"),"") | V9: =IF($T9="MIT",COUNTIF($T$4:$T9,"MIT"),"") | W9: =IF($T9="Proclaimers",COUNTIF($T$4:$T9,"Proclaimers"),"") -> 2
U10: =IF($T10="Membership",COUNTIF($T$4:$T10,"Membership"),"") | V10: =IF($T10="MIT",COUNTIF($T$4:$T10,"MIT"),"") | W10: =IF($T10="Proclaimers",COUNTIF($T$4:$T10,"Proclaimers"),"")
U11: =IF($T11="Membership",COUNTIF($T$4:$T11,"Membership"),"") | V11: =IF($T11="MIT",COUNTIF($T$4:$T11,"MIT"),"") | W11: =IF($T11="Proclaimers",COUNTIF($T$4:$T11,"Proclaimers"),"")
U12: =IF($T12="Membership",COUNTIF($T$4:$T12,"Membership"),"") | V12: =IF($T12="MIT",COUNTIF($T$4:$T12,"MIT"),"") | W12: =IF($T12="Proclaimers",COUNTIF($T$4:$T12,"Proclaimers"),"")
U13: =IF($T13="Membership",COUNTIF($T$4:$T13,"Membership"),"") | V13: =IF($T13="MIT",COUNTIF($T$4:$T13,"MIT"),"") | W13: =IF($T13="Proclaimers",COUNTIF($T$4:$T13,"Proclaimers"),"")
U14: =IF($T14="Membership",COUNTIF($T$4:$T14,"Membership"),"") | V14: =IF($T14="MIT",COUNTIF($T$4:$T14,"MIT"),"") | W14: =IF($T14="Proclaimers",COUNTIF($T$4:$T14,"Proclaimers"),"")
U15: =IF($T15="Membership",COUNTIF($T$4:$T15,"Membership"),"") | V15: =IF($T15="MIT",COUNTIF($T$4:$T15,"MIT"),"") | W15: =IF($T15="Proclaimers",COUNTIF($T$4:$T15,"Proclaimers"),"")
U16: =IF($T16="Membership",COUNTIF($T$4:$T16,"Membership"),"") | V16: =IF($T16="MIT",COUNTIF($T$4:$T16,"MIT"),"") | W16: =IF($T16="Proclaimers",COUNTIF($T$4:$T16,"Proclaimers"),"")
U17: =IF($T17="Membership",COUNTIF($T$4:$T17,"Membership"),"") | V17: =IF($T17="MIT",COUNTIF($T$4:$T17,"MIT"),"") | W17: =IF($T17="Proclaimers",COUNTIF($T$4:$T17,"Proclaimers"),"")
U18: =IF($T18="Membership",COUNTIF($T$4:$T18,"Membership"),"") | V18: =IF($T18="MIT",COUNTIF($T$4:$T18,"MIT"),"") | W18: =IF($T18="Proclaimers",COUNTIF($T$4:$T18,"Proclaimers"),"")
U19: =IF($T19="Membership",COUNTIF($T$4:$T19,"Membership"),"") | V19: =IF($T19="MIT",COUNTIF($T$4:$T19,"MIT"),"") | W19: =IF($T19="Proclaimers",COUNTIF($T$4:$T19,"Proclaimers"),"")
U20: =IF($T20="Membership",COUNTIF($T$4:$T20,"Membership"),"") | V20: =IF($T20="MIT",COUNTIF($T$4:$T20,"MIT"),"") | W20: =IF($T20="Proclaimers",COUNTIF($T$4:$T20,"Proclaimers"),"")
U21: =IF($T21="Membership",COUNTIF($T$4:$T21,"Membership"),"") | V21: =IF($T21="MIT",COUNTIF($T$4:$T21,"MIT"),"") | W21: =IF($T21="Proclaimers",COUNTIF($T$4:$T21,"Proclaimers"),"")
... U28: =IF($T28="Membership",COUNTIF($T$4:$T28,"Membership"),"") | V28: =IF($T28="MIT",COUNTIF($T$4:$T28,"MIT"),"") | W28: =IF($T28="Proclaimers",COUNTIF($T$4:$T28,"Proclaimers"),"")

Sheet Membership (MEM-100)
A1: MEMBERSHIP — MEM-100 Class Records
A2: BATCH 056. [MONTH, YEAR]
A3: CHARTER MEMBERSHIP ID NO. | B3: NAMES | C3: CLASS | D3: TRAINERS | E3: ATTENDANCE | F3: TEST | G3: ASSIGNMENT | H3: ASSESSMENT | I3: PRESENTATION | J3: EXAM | K3: FINAL GRADES | L3: BAPTISM (WATER) | M3: BAPTISM (HOLY SPIRIT) | N3: PORTAL | O3: STATUS | P3: COVENANT DEED | Q3: FIRST TIMER (YES/NO) | R3: DATE JOINED | S3: ID CARD COLLECTED/DATE | T3: COMMENTS
A4: =IFERROR(INDEX(Students!#REF!,MATCH(1,Students!$U$4:$U$28,0)),"") | B4: =IFERROR(INDEX(Students!$C$4:$C$28,MATCH(1,Students!$U$4:$U$28,0)),"") -> SAMPLE STUDENT ONE | H4: =SUM(E4:G4) -> 0 | K4: =SUM(H4:J4) -> 0
A5: =IFERROR(INDEX(Students!#REF!,MATCH(2,Students!$U$4:$U$28,0)),"") | B5: =IFERROR(INDEX(Students!$C$4:$C$28,MATCH(2,Students!$U$4:$U$28,0)),"") -> SAMPLE STUDENT TWO | H5: =SUM(E5:G5) -> 0 | K5: =SUM(H5:J5) -> 0
A6: =IFERROR(INDEX(Students!#REF!,MATCH(3,Students!$U$4:$U$28,0)),"") | B6: =IFERROR(INDEX(Students!$C$4:$C$28,MATCH(3,Students!$U$4:$U$28,0)),"") | H6: =SUM(E6:G6) -> 0 | K6: =SUM(H6:J6) -> 0
A7: =IFERROR(INDEX(Students!#REF!,MATCH(4,Students!$U$4:$U$28,0)),"") | B7: =IFERROR(INDEX(Students!$C$4:$C$28,MATCH(4,Students!$U$4:$U$28,0)),"") | H7: =SUM(E7:G7) -> 0 | K7: =SUM(H7:J7) -> 0
A8: =IFERROR(INDEX(Students!#REF!,MATCH(5,Students!$U$4:$U$28,0)),"") | B8: =IFERROR(INDEX(Students!$C$4:$C$28,MATCH(5,Students!$U$4:$U$28,0)),"") | H8: =SUM(E8:G8) -> 0 | K8: =SUM(H8:J8) -> 0
A9: =IFERROR(INDEX(Students!#REF!,MATCH(6,Students!$U$4:$U$28,0)),"") | B9: =IFERROR(INDEX(Students!$C$4:$C$28,MATCH(6,Students!$U$4:$U$28,0)),"") | H9: =SUM(E9:G9) -> 0 | K9: =SUM(H9:J9) -> 0
A10: =IFERROR(INDEX(Students!#REF!,MATCH(7,Students!$U$4:$U$28,0)),"") | B10: =IFERROR(INDEX(Students!$C$4:$C$28,MATCH(7,Students!$U$4:$U$28,0)),"") | H10: =SUM(E10:G10) -> 0 | K10: =SUM(H10:J10) -> 0
A11: =IFERROR(INDEX(Students!#REF!,MATCH(8,Students!$U$4:$U$28,0)),"") | B11: =IFERROR(INDEX(Students!$C$4:$C$28,MATCH(8,Students!$U$4:$U$28,0)),"") | H11: =SUM(E11:G11) -> 0 | K11: =SUM(H11:J11) -> 0
A12: =IFERROR(INDEX(Students!#REF!,MATCH(9,Students!$U$4:$U$28,0)),"") | B12: =IFERROR(INDEX(Students!$C$4:$C$28,MATCH(9,Students!$U$4:$U$28,0)),"") | H12: =SUM(E12:G12) -> 0 | K12: =SUM(H12:J12) -> 0
A13: =IFERROR(INDEX(Students!#REF!,MATCH(10,Students!$U$4:$U$28,0)),"") | B13: =IFERROR(INDEX(Students!$C$4:$C$28,MATCH(10,Students!$U$4:$U$28,0)),"") | H13: =SUM(E13:G13) -> 0 | K13: =SUM(H13:J13) -> 0
A14: =IFERROR(INDEX(Students!#REF!,MATCH(11,Students!$U$4:$U$28,0)),"") | B14: =IFERROR(INDEX(Students!$C$4:$C$28,MATCH(11,Students!$U$4:$U$28,0)),"") | H14: =SUM(E14:G14) -> 0 | K14: =SUM(H14:J14) -> 0
A15: =IFERROR(INDEX(Students!#REF!,MATCH(12,Students!$U$4:$U$28,0)),"") | B15: =IFERROR(INDEX(Students!$C$4:$C$28,MATCH(12,Students!$U$4:$U$28,0)),"") | H15: =SUM(E15:G15) -> 0 | K15: =SUM(H15:J15) -> 0
A16: =IFERROR(INDEX(Students!#REF!,MATCH(13,Students!$U$4:$U$28,0)),"") | B16: =IFERROR(INDEX(Students!$C$4:$C$28,MATCH(13,Students!$U$4:$U$28,0)),"") | H16: =SUM(E16:G16) -> 0 | K16: =SUM(H16:J16) -> 0
A17: =IFERROR(INDEX(Students!#REF!,MATCH(14,Students!$U$4:$U$28,0)),"") | B17: =IFERROR(INDEX(Students!$C$4:$C$28,MATCH(14,Students!$U$4:$U$28,0)),"") | H17: =SUM(E17:G17) -> 0 | K17: =SUM(H17:J17) -> 0
A18: =IFERROR(INDEX(Students!#REF!,MATCH(15,Students!$U$4:$U$28,0)),"") | B18: =IFERROR(INDEX(Students!$C$4:$C$28,MATCH(15,Students!$U$4:$U$28,0)),"") | H18: =SUM(E18:G18) -> 0 | K18: =SUM(H18:J18) -> 0
A19: =IFERROR(INDEX(Students!#REF!,MATCH(16,Students!$U$4:$U$28,0)),"") | B19: =IFERROR(INDEX(Students!$C$4:$C$28,MATCH(16,Students!$U$4:$U$28,0)),"") | H19: =SUM(E19:G19) -> 0 | K19: =SUM(H19:J19) -> 0
A20: =IFERROR(INDEX(Students!#REF!,MATCH(17,Students!$U$4:$U$28,0)),"") | B20: =IFERROR(INDEX(Students!$C$4:$C$28,MATCH(17,Students!$U$4:$U$28,0)),"") | H20: =SUM(E20:G20) -> 0 | K20: =SUM(H20:J20) -> 0
A21: =IFERROR(INDEX(Students!#REF!,MATCH(18,Students!$U$4:$U$28,0)),"") | B21: =IFERROR(INDEX(Students!$C$4:$C$28,MATCH(18,Students!$U$4:$U$28,0)),"") | H21: =SUM(E21:G21) -> 0 | K21: =SUM(H21:J21) -> 0
A22: =IFERROR(INDEX(Students!#REF!,MATCH(19,Students!$U$4:$U$28,0)),"") | B22: =IFERROR(INDEX(Students!$C$4:$C$28,MATCH(19,Students!$U$4:$U$28,0)),"") | H22: =SUM(E22:G22) -> 0 | K22: =SUM(H22:J22) -> 0
A23: =IFERROR(INDEX(Students!#REF!,MATCH(20,Students!$U$4:$U$28,0)),"") | B23: =IFERROR(INDEX(Students!$C$4:$C$28,MATCH(20,Students!$U$4:$U$28,0)),"") | H23: =SUM(E23:G23) -> 0 | K23: =SUM(H23:J23) -> 0
A24: =IFERROR(INDEX(Students!#REF!,MATCH(21,Students!$U$4:$U$28,0)),"") | B24: =IFERROR(INDEX(Students!$C$4:$C$28,MATCH(21,Students!$U$4:$U$28,0)),"") | H24: =SUM(E24:G24) -> 0 | K24: =SUM(H24:J24) -> 0
A25: =IFERROR(INDEX(Students!#REF!,MATCH(22,Students!$U$4:$U$28,0)),"") | B25: =IFERROR(INDEX(Students!$C$4:$C$28,MATCH(22,Students!$U$4:$U$28,0)),"") | H25: =SUM(E25:G25) -> 0 | K25: =SUM(H25:J25) -> 0
A26: =IFERROR(INDEX(Students!#REF!,MATCH(23,Students!$U$4:$U$28,0)),"") | B26: =IFERROR(INDEX(Students!$C$4:$C$28,MATCH(23,Students!$U$4:$U$28,0)),"") | H26: =SUM(E26:G26) -> 0 | K26: =SUM(H26:J26) -> 0
A27: =IFERROR(INDEX(Students!#REF!,MATCH(24,Students!$U$4:$U$28,0)),"") | B27: =IFERROR(INDEX(Students!$C$4:$C$28,MATCH(24,Students!$U$4:$U$28,0)),"") | H27: =SUM(E27:G27) -> 0 | K27: =SUM(H27:J27) -> 0
A28: =IFERROR(INDEX(Students!#REF!,MATCH(25,Students!$U$4:$U$28,0)),"") | B28: =IFERROR(INDEX(Students!$C$4:$C$28,MATCH(25,Students!$U$4:$U$28,0)),"") | H28: =SUM(E28:G28) -> 0 | K28: =SUM(H28:J28) -> 0

Sheet MIT (MIT-200)
A1: MIT — MIT-200 Class Records
A2: BATCH 056. [MONTH, YEAR]
A3: CHARTER MEMBERSHIP ID NO. | B3: NAMES | C3: CLASS | D3: TRAINERS | E3: MIDTERM TEST | F3: INTERACTIONS | G3: BIBLE STUDY | H3: ASSIGNMENT | I3: ATTENDANCE | J3: CITH | K3: COMMUNITY SERVICE | L3: EVANGELISM | M3: PRESENTATION | N3: FINAL EXAM | O3: FINAL GRADES | P3: STATUS | Q3: DEPARTMENT | R3: DEPT. CONFIRMATION | S3: FIRST TIMER (YES/NO) | T3: DATE JOINED | U3: COMMENTS
A4: =IFERROR(INDEX(Students!#REF!,MATCH(1,Students!$V$4:$V$28,0)),"") | B4: =IFERROR(INDEX(Students!$C$4:$C$28,MATCH(1,Students!$V$4:$V$28,0)),"") -> SAMPLE STUDENT THREE | O4: =SUM(E4:M4)+N4 -> 0
A5: =IFERROR(INDEX(Students!#REF!,MATCH(2,Students!$V$4:$V$28,0)),"") | B5: =IFERROR(INDEX(Students!$C$4:$C$28,MATCH(2,Students!$V$4:$V$28,0)),"") -> SAMPLE STUDENT FOUR | O5: =SUM(E5:M5)+N5 -> 0
A6: =IFERROR(INDEX(Students!#REF!,MATCH(3,Students!$V$4:$V$28,0)),"") | B6: =IFERROR(INDEX(Students!$C$4:$C$28,MATCH(3,Students!$V$4:$V$28,0)),"") | O6: =SUM(E6:M6)+N6 -> 0
A7: =IFERROR(INDEX(Students!#REF!,MATCH(4,Students!$V$4:$V$28,0)),"") | B7: =IFERROR(INDEX(Students!$C$4:$C$28,MATCH(4,Students!$V$4:$V$28,0)),"") | O7: =SUM(E7:M7)+N7 -> 0
A8: =IFERROR(INDEX(Students!#REF!,MATCH(5,Students!$V$4:$V$28,0)),"") | B8: =IFERROR(INDEX(Students!$C$4:$C$28,MATCH(5,Students!$V$4:$V$28,0)),"") | O8: =SUM(E8:M8)+N8 -> 0
A9: =IFERROR(INDEX(Students!#REF!,MATCH(6,Students!$V$4:$V$28,0)),"") | B9: =IFERROR(INDEX(Students!$C$4:$C$28,MATCH(6,Students!$V$4:$V$28,0)),"") | O9: =SUM(E9:M9)+N9 -> 0
A10: =IFERROR(INDEX(Students!#REF!,MATCH(7,Students!$V$4:$V$28,0)),"") | B10: =IFERROR(INDEX(Students!$C$4:$C$28,MATCH(7,Students!$V$4:$V$28,0)),"") | O10: =SUM(E10:M10)+N10 -> 0
A11: =IFERROR(INDEX(Students!#REF!,MATCH(8,Students!$V$4:$V$28,0)),"") | B11: =IFERROR(INDEX(Students!$C$4:$C$28,MATCH(8,Students!$V$4:$V$28,0)),"") | O11: =SUM(E11:M11)+N11 -> 0
A12: =IFERROR(INDEX(Students!#REF!,MATCH(9,Students!$V$4:$V$28,0)),"") | B12: =IFERROR(INDEX(Students!$C$4:$C$28,MATCH(9,Students!$V$4:$V$28,0)),"") | O12: =SUM(E12:M12)+N12 -> 0
A13: =IFERROR(INDEX(Students!#REF!,MATCH(10,Students!$V$4:$V$28,0)),"") | B13: =IFERROR(INDEX(Students!$C$4:$C$28,MATCH(10,Students!$V$4:$V$28,0)),"") | O13: =SUM(E13:M13)+N13 -> 0
A14: =IFERROR(INDEX(Students!#REF!,MATCH(11,Students!$V$4:$V$28,0)),"") | B14: =IFERROR(INDEX(Students!$C$4:$C$28,MATCH(11,Students!$V$4:$V$28,0)),"") | O14: =SUM(E14:M14)+N14 -> 0
A15: =IFERROR(INDEX(Students!#REF!,MATCH(12,Students!$V$4:$V$28,0)),"") | B15: =IFERROR(INDEX(Students!$C$4:$C$28,MATCH(12,Students!$V$4:$V$28,0)),"") | O15: =SUM(E15:M15)+N15 -> 0
A16: =IFERROR(INDEX(Students!#REF!,MATCH(13,Students!$V$4:$V$28,0)),"") | B16: =IFERROR(INDEX(Students!$C$4:$C$28,MATCH(13,Students!$V$4:$V$28,0)),"") | O16: =SUM(E16:M16)+N16 -> 0
A17: =IFERROR(INDEX(Students!#REF!,MATCH(14,Students!$V$4:$V$28,0)),"") | B17: =IFERROR(INDEX(Students!$C$4:$C$28,MATCH(14,Students!$V$4:$V$28,0)),"") | O17: =SUM(E17:M17)+N17 -> 0
A18: =IFERROR(INDEX(Students!#REF!,MATCH(15,Students!$V$4:$V$28,0)),"") | B18: =IFERROR(INDEX(Students!$C$4:$C$28,MATCH(15,Students!$V$4:$V$28,0)),"") | O18: =SUM(E18:M18)+N18 -> 0
A19: =IFERROR(INDEX(Students!#REF!,MATCH(16,Students!$V$4:$V$28,0)),"") | B19: =IFERROR(INDEX(Students!$C$4:$C$28,MATCH(16,Students!$V$4:$V$28,0)),"") | O19: =SUM(E19:M19)+N19 -> 0
A20: =IFERROR(INDEX(Students!#REF!,MATCH(17,Students!$V$4:$V$28,0)),"") | B20: =IFERROR(INDEX(Students!$C$4:$C$28,MATCH(17,Students!$V$4:$V$28,0)),"") | O20: =SUM(E20:M20)+N20 -> 0
A21: =IFERROR(INDEX(Students!#REF!,MATCH(18,Students!$V$4:$V$28,0)),"") | B21: =IFERROR(INDEX(Students!$C$4:$C$28,MATCH(18,Students!$V$4:$V$28,0)),"") | O21: =SUM(E21:M21)+N21 -> 0
A22: =IFERROR(INDEX(Students!#REF!,MATCH(19,Students!$V$4:$V$28,0)),"") | B22: =IFERROR(INDEX(Students!$C$4:$C$28,MATCH(19,Students!$V$4:$V$28,0)),"") | O22: =SUM(E22:M22)+N22 -> 0
A23: =IFERROR(INDEX(Students!#REF!,MATCH(20,Students!$V$4:$V$28,0)),"") | B23: =IFERROR(INDEX(Students!$C$4:$C$28,MATCH(20,Students!$V$4:$V$28,0)),"") | O23: =SUM(E23:M23)+N23 -> 0
A24: =IFERROR(INDEX(Students!#REF!,MATCH(21,Students!$V$4:$V$28,0)),"") | B24: =IFERROR(INDEX(Students!$C$4:$C$28,MATCH(21,Students!$V$4:$V$28,0)),"") | O24: =SUM(E24:M24)+N24 -> 0
A25: =IFERROR(INDEX(Students!#REF!,MATCH(22,Students!$V$4:$V$28,0)),"") | B25: =IFERROR(INDEX(Students!$C$4:$C$28,MATCH(22,Students!$V$4:$V$28,0)),"") | O25: =SUM(E25:M25)+N25 -> 0
A26: =IFERROR(INDEX(Students!#REF!,MATCH(23,Students!$V$4:$V$28,0)),"") | B26: =IFERROR(INDEX(Students!$C$4:$C$28,MATCH(23,Students!$V$4:$V$28,0)),"") | O26: =SUM(E26:M26)+N26 -> 0
A27: =IFERROR(INDEX(Students!#REF!,MATCH(24,Students!$V$4:$V$28,0)),"") | B27: =IFERROR(INDEX(Students!$C$4:$C$28,MATCH(24,Students!$V$4:$V$28,0)),"") | O27: =SUM(E27:M27)+N27 -> 0
A28: =IFERROR(INDEX(Students!#REF!,MATCH(25,Students!$V$4:$V$28,0)),"") | B28: =IFERROR(INDEX(Students!$C$4:$C$28,MATCH(25,Students!$V$4:$V$28,0)),"") | O28: =SUM(E28:M28)+N28 -> 0

Sheet Proclaimers (PRO-300)
A1: PROCLAIMERS — PRO-300 Class Records
A2: BATCH 056. [MONTH, YEAR]
A3: CHARTER MEMBERSHIP ID NO. | B3: NAMES | C3: CLASS | D3: TRAINERS | E3: DEPARTMENT/MINISTRY | F3: CITH | G3: ATTENDANCE | H3: ASSESSMENT | I3: PRESENTATION | J3: PROJECT | K3: MT.OF INFLUENCE | L3: SEMINAR ATTENDANCE | M3: FINAL GRADES | N3: STATUS (RELEASED) | O3: FIRST TIMER (YES/NO) | P3: DATE JOINED | Q3: COMMENTS
A4: =IFERROR(INDEX(Students!#REF!,MATCH(1,Students!$W$4:$W$28,0)),"") | B4: =IFERROR(INDEX(Students!$C$4:$C$28,MATCH(1,Students!$W$4:$W$28,0)),"") -> SAMPLE STUDENT FIVE | M4: =SUM(F4:J4) -> 0
A5: =IFERROR(INDEX(Students!#REF!,MATCH(2,Students!$W$4:$W$28,0)),"") | B5: =IFERROR(INDEX(Students!$C$4:$C$28,MATCH(2,Students!$W$4:$W$28,0)),"") -> SAMPLE STUDENT SIX | M5: =SUM(F5:J5) -> 0
A6: =IFERROR(INDEX(Students!#REF!,MATCH(3,Students!$W$4:$W$28,0)),"") | B6: =IFERROR(INDEX(Students!$C$4:$C$28,MATCH(3,Students!$W$4:$W$28,0)),"") | M6: =SUM(F6:J6) -> 0
A7: =IFERROR(INDEX(Students!#REF!,MATCH(4,Students!$W$4:$W$28,0)),"") | B7: =IFERROR(INDEX(Students!$C$4:$C$28,MATCH(4,Students!$W$4:$W$28,0)),"") | M7: =SUM(F7:J7) -> 0
A8: =IFERROR(INDEX(Students!#REF!,MATCH(5,Students!$W$4:$W$28,0)),"") | B8: =IFERROR(INDEX(Students!$C$4:$C$28,MATCH(5,Students!$W$4:$W$28,0)),"") | M8: =SUM(F8:J8) -> 0
A9: =IFERROR(INDEX(Students!#REF!,MATCH(6,Students!$W$4:$W$28,0)),"") | B9: =IFERROR(INDEX(Students!$C$4:$C$28,MATCH(6,Students!$W$4:$W$28,0)),"") | M9: =SUM(F9:J9) -> 0
A10: =IFERROR(INDEX(Students!#REF!,MATCH(7,Students!$W$4:$W$28,0)),"") | B10: =IFERROR(INDEX(Students!$C$4:$C$28,MATCH(7,Students!$W$4:$W$28,0)),"") | M10: =SUM(F10:J10) -> 0
A11: =IFERROR(INDEX(Students!#REF!,MATCH(8,Students!$W$4:$W$28,0)),"") | B11: =IFERROR(INDEX(Students!$C$4:$C$28,MATCH(8,Students!$W$4:$W$28,0)),"") | M11: =SUM(F11:J11) -> 0
A12: =IFERROR(INDEX(Students!#REF!,MATCH(9,Students!$W$4:$W$28,0)),"") | B12: =IFERROR(INDEX(Students!$C$4:$C$28,MATCH(9,Students!$W$4:$W$28,0)),"") | M12: =SUM(F12:J12) -> 0
A13: =IFERROR(INDEX(Students!#REF!,MATCH(10,Students!$W$4:$W$28,0)),"") | B13: =IFERROR(INDEX(Students!$C$4:$C$28,MATCH(10,Students!$W$4:$W$28,0)),"") | M13: =SUM(F13:J13) -> 0
A14: =IFERROR(INDEX(Students!#REF!,MATCH(11,Students!$W$4:$W$28,0)),"") | B14: =IFERROR(INDEX(Students!$C$4:$C$28,MATCH(11,Students!$W$4:$W$28,0)),"") | M14: =SUM(F14:J14) -> 0
A15: =IFERROR(INDEX(Students!#REF!,MATCH(12,Students!$W$4:$W$28,0)),"") | B15: =IFERROR(INDEX(Students!$C$4:$C$28,MATCH(12,Students!$W$4:$W$28,0)),"") | M15: =SUM(F15:J15) -> 0
A16: =IFERROR(INDEX(Students!#REF!,MATCH(13,Students!$W$4:$W$28,0)),"") | B16: =IFERROR(INDEX(Students!$C$4:$C$28,MATCH(13,Students!$W$4:$W$28,0)),"") | M16: =SUM(F16:J16) -> 0
A17: =IFERROR(INDEX(Students!#REF!,MATCH(14,Students!$W$4:$W$28,0)),"") | B17: =IFERROR(INDEX(Students!$C$4:$C$28,MATCH(14,Students!$W$4:$W$28,0)),"") | M17: =SUM(F17:J17) -> 0
A18: =IFERROR(INDEX(Students!#REF!,MATCH(15,Students!$W$4:$W$28,0)),"") | B18: =IFERROR(INDEX(Students!$C$4:$C$28,MATCH(15,Students!$W$4:$W$28,0)),"") | M18: =SUM(F18:J18) -> 0
A19: =IFERROR(INDEX(Students!#REF!,MATCH(16,Students!$W$4:$W$28,0)),"") | B19: =IFERROR(INDEX(Students!$C$4:$C$28,MATCH(16,Students!$W$4:$W$28,0)),"") | M19: =SUM(F19:J19) -> 0
A20: =IFERROR(INDEX(Students!#REF!,MATCH(17,Students!$W$4:$W$28,0)),"") | B20: =IFERROR(INDEX(Students!$C$4:$C$28,MATCH(17,Students!$W$4:$W$28,0)),"") | M20: =SUM(F20:J20) -> 0
A21: =IFERROR(INDEX(Students!#REF!,MATCH(18,Students!$W$4:$W$28,0)),"") | B21: =IFERROR(INDEX(Students!$C$4:$C$28,MATCH(18,Students!$W$4:$W$28,0)),"") | M21: =SUM(F21:J21) -> 0
A22: =IFERROR(INDEX(Students!#REF!,MATCH(19,Students!$W$4:$W$28,0)),"") | B22: =IFERROR(INDEX(Students!$C$4:$C$28,MATCH(19,Students!$W$4:$W$28,0)),"") | M22: =SUM(F22:J22) -> 0
A23: =IFERROR(INDEX(Students!#REF!,MATCH(20,Students!$W$4:$W$28,0)),"") | B23: =IFERROR(INDEX(Students!$C$4:$C$28,MATCH(20,Students!$W$4:$W$28,0)),"") | M23: =SUM(F23:J23) -> 0
A24: =IFERROR(INDEX(Students!#REF!,MATCH(21,Students!$W$4:$W$28,0)),"") | B24: =IFERROR(INDEX(Students!$C$4:$C$28,MATCH(21,Students!$W$4:$W$28,0)),"") | M24: =SUM(F24:J24) -> 0
A25: =IFERROR(INDEX(Students!#REF!,MATCH(22,Students!$W$4:$W$28,0)),"") | B25: =IFERROR(INDEX(Students!$C$4:$C$28,MATCH(22,Students!$W$4:$W$28,0)),"") | M25: =SUM(F25:J25) -> 0
A26: =IFERROR(INDEX(Students!#REF!,MATCH(23,Students!$W$4:$W$28,0)),"") | B26: =IFERROR(INDEX(Students!$C$4:$C$28,MATCH(23,Students!$W$4:$W$28,0)),"") | M26: =SUM(F26:J26) -> 0
A27: =IFERROR(INDEX(Students!#REF!,MATCH(24,Students!$W$4:$W$28,0)),"") | B27: =IFERROR(INDEX(Students!$C$4:$C$28,MATCH(24,Students!$W$4:$W$28,0)),"") | M27: =SUM(F27:J27) -> 0
A28: =IFERROR(INDEX(Students!#REF!,MATCH(25,Students!$W$4:$W$28,0)),"") | B28: =IFERROR(INDEX(Students!$C$4:$C$28,MATCH(25,Students!$W$4:$W$28,0)),"") | M28: =SUM(F28:J28) -> 0
